{
  "losses": [
    29.974343185815833,
    20.643047667310015,
    13.922603773364717,
    7.668607375616364,
    3.9270516196796184,
    1.9511856603052187,
    1.2200499009977441,
    1.088121695371858,
    1.0823257286483443,
    1.082360829810075,
    1.0823559780734546,
    1.082373734215669,
    1.0825405127638292,
    1.0823315843634291,
    1.0823443191198119,
    1.082315590631446,
    1.0824293998623764,
    1.0823220251497212,
    1.0824250341276374,
    1.0823878341763873
  ],
  "metrics": {
    "both": {
      "optimistic": {
        "adjusted_arithmetic_mean_rank": 0.9987303270920275,
        "adjusted_arithmetic_mean_rank_index": 0.001269801448812169,
        "adjusted_geometric_mean_rank_index": -0.16733932271431695,
        "adjusted_hits_at_k": -0.00038212921508402366,
        "adjusted_inverse_harmonic_mean_rank": -0.00031110762966807693,
        "arithmetic_mean_rank": 9866.041168197678,
        "count": 112344.0,
        "geometric_mean_rank": 8483.585141390062,
        "harmonic_mean_rank": 4560.39864643768,
        "hits_at_1": 0.0,
        "hits_at_10": 0.00012461724702698854,
        "hits_at_3": 8.901231930499181e-06,
        "hits_at_5": 2.6703695791497543e-05,
        "inverse_arithmetic_mean_rank": 0.00010135777693928671,
        "inverse_geometric_mean_rank": 0.00011787469369773389,
        "inverse_harmonic_mean_rank": 0.00021927907569684553,
        "inverse_median_rank": 0.00010133765707336846,
        "median_absolute_deviation": 4198.729482807865,
        "median_rank": 9868.0,
        "standard_deviation": 4306.780621109783,
        "variance": 18548359.318366773,
        "z_arithmetic_mean_rank": 0.7369286071411807,
        "z_geometric_mean_rank": -56.155199756527395,
        "z_hits_at_k": -5.68935285970237,
        "z_inverse_harmonic_mean_rank": -11.436939220665415
      },
      "pessimistic": {
        "adjusted_arithmetic_mean_rank": 0.9987303550249981,
        "adjusted_arithmetic_mean_rank_index": 0.0012697735130137167,
        "adjusted_geometric_mean_rank_index": -0.16733937770709684,
        "adjusted_hits_at_k": -0.00038212921508402366,
        "adjusted_inverse_harmonic_mean_rank": -0.00031110764137939634,
        "arithmetic_mean_rank": 9866.041444135868,
        "count": 112344.0,
        "geometric_mean_rank": 8483.585541000464,
        "harmonic_mean_rank": 4560.3988898716225,
        "hits_at_1": 0.0,
        "hits_at_10": 0.00012461724702698854,
        "hits_at_3": 8.901231930499181e-06,
        "hits_at_5": 2.6703695791497543e-05,
        "inverse_arithmetic_mean_rank": 0.00010135777410446369,
        "inverse_geometric_mean_rank": 0.00011787468814537002,
        "inverse_harmonic_mean_rank": 0.0002192790639917357,
        "inverse_median_rank": 0.00010133765707336846,
        "median_absolute_deviation": 4198.729482807865,
        "median_rank": 9868.0,
        "standard_deviation": 4306.7805467510925,
        "variance": 18548358.67787364,
        "z_arithmetic_mean_rank": 0.7369123946150467,
        "z_geometric_mean_rank": -56.155218210830185,
        "z_hits_at_k": -5.68935285970237,
        "z_inverse_harmonic_mean_rank": -11.43693965119696
      },
      "realistic": {
        "adjusted_arithmetic_mean_rank": 0.9987303116472347,
        "adjusted_arithmetic_mean_rank_index": 0.001269816895168585,
        "adjusted_geometric_mean_rank_index": -0.1673387603187122,
        "adjusted_hits_at_k": -0.00038212921508402366,
        "adjusted_inverse_harmonic_mean_rank": -0.00031110763463350886,
        "arithmetic_mean_rank": 9866.041015625,
        "count": 112344.0,
        "geometric_mean_rank": 8483.5810546875,
        "harmonic_mean_rank": 4560.398749650187,
        "hits_at_1": 0.0,
        "hits_at_10": 0.00012461724702698854,
        "hits_at_3": 8.901231930499181e-06,
        "hits_at_5": 2.6703695791497543e-05,
        "inverse_arithmetic_mean_rank": 0.00010135777847608551,
        "inverse_geometric_mean_rank": 0.00011787474795710295,
        "inverse_harmonic_mean_rank": 0.00021927907073404637,
        "inverse_median_rank": 0.0001013376604532823,
        "median_absolute_deviation": 4198.729482807865,
        "median_rank": 9868.0,
        "standard_deviation": 4306.7802734375,
        "variance": 18548358.0,
        "z_arithmetic_mean_rank": 0.7369375714259832,
        "z_geometric_mean_rank": -56.15501102959206,
        "z_hits_at_k": -5.68935285970237,
        "z_inverse_harmonic_mean_rank": -11.436939403204633
      }
    },
    "head": {
      "optimistic": {
        "adjusted_arithmetic_mean_rank": 0.9991833402874916,
        "adjusted_arithmetic_mean_rank_index": 0.0008167423990458333,
        "adjusted_geometric_mean_rank_index": -0.1722119505389592,
        "adjusted_hits_at_k": -0.0003819310796597758,
        "adjusted_inverse_harmonic_mean_rank": -0.0003130840089573007,
        "arithmetic_mean_rank": 9869.507477034822,
        "count": 56172.0,
        "geometric_mean_rank": 8519.981600306875,
        "harmonic_mean_rank": 4605.485754378378,
        "hits_at_1": 0.0,
        "hits_at_10": 0.00012461724702698854,
        "hits_at_3": 1.7802463860998362e-05,
        "hits_at_5": 1.7802463860998362e-05,
        "inverse_arithmetic_mean_rank": 0.00010132217867273335,
        "inverse_geometric_mean_rank": 0.00011737114549214304,
        "inverse_harmonic_mean_rank": 0.00021713236199879946,
        "inverse_median_rank": 0.00010135819987837016,
        "median_absolute_deviation": 4158.699222908213,
        "median_rank": 9866.0,
        "standard_deviation": 4274.944936895053,
        "variance": 18275154.21348465,
        "z_arithmetic_mean_rank": 0.33522068034756103,
        "z_geometric_mean_rank": -40.86950454662036,
        "z_hits_at_k": -4.021679621177622,
        "z_inverse_harmonic_mean_rank": -8.140093182789801
      },
      "pessimistic": {
        "adjusted_arithmetic_mean_rank": 0.9991833745314072,
        "adjusted_arithmetic_mean_rank_index": 0.0008167081516631258,
        "adjusted_geometric_mean_rank_index": -0.1722120041476911,
        "adjusted_hits_at_k": -0.0003819310796597758,
        "adjusted_inverse_harmonic_mean_rank": -0.0003130840166620628,
        "arithmetic_mean_rank": 9869.507815281635,
        "count": 56172.0,
        "geometric_mean_rank": 8519.98198990519,
        "harmonic_mean_rank": 4605.48591771361,
        "hits_at_1": 0.0,
        "hits_at_10": 0.00012461724702698854,
        "hits_at_3": 1.7802463860998362e-05,
        "hits_at_5": 1.7802463860998362e-05,
        "inverse_arithmetic_mean_rank": 0.00010132217520022949,
        "inverse_geometric_mean_rank": 0.00011737114012504243,
        "inverse_harmonic_mean_rank": 0.0002171323542981213,
        "inverse_median_rank": 0.00010135819987837016,
        "median_absolute_deviation": 4158.699222908213,
        "median_rank": 9866.0,
        "standard_deviation": 4274.944925950476,
        "variance": 18275154.119909726,
        "z_arithmetic_mean_rank": 0.33520662398052536,
        "z_geometric_mean_rank": -40.86951726909581,
        "z_hits_at_k": -4.021679621177622,
        "z_inverse_harmonic_mean_rank": -8.140093383111374
      },
      "realistic": {
        "adjusted_arithmetic_mean_rank": 0.999183374249796,
        "adjusted_arithmetic_mean_rank_index": 0.0008167084333027264,
        "adjusted_geometric_mean_rank_index": -0.17221139171169386,
        "adjusted_hits_at_k": -0.0003819310796597758,
        "adjusted_inverse_harmonic_mean_rank": -0.00031308402787039776,
        "arithmetic_mean_rank": 9869.5078125,
        "count": 56172.0,
        "geometric_mean_rank": 8519.9775390625,
        "harmonic_mean_rank": 4605.486155322007,
        "hits_at_1": 0.0,
        "hits_at_10": 0.00012461724702698854,
        "hits_at_3": 1.7802463860998362e-05,
        "hits_at_5": 1.7802463860998362e-05,
        "inverse_arithmetic_mean_rank": 0.00010132217721547931,
        "inverse_geometric_mean_rank": 0.00011737120075849816,