{
  "losses": [
    1.2967614416043642,
    0.7442794195607177,
    0.6030563851367374,
    0.5307048707606107,
    0.45951006094954294,
    0.41669788324934803,
    0.38234679177615716,
    0.3501330718780175,
    0.31483776991353757,
    0.28244279909167874,
    0.25337916143089956,
    0.23247088167572294,
    0.21231694388338643,
    0.1970202539169211,
    0.18479018640569134,
    0.17346622068063486,
    0.15907308466499007,
    0.15044356521717844,
    0.13994531616823286,
    0.129667130346142
  ],
  "metrics": {
    "both": {
      "optimistic": {
        "adjusted_arithmetic_mean_rank": 0.2517917127600292,
        "adjusted_arithmetic_mean_rank_index": 0.748284035348725,
        "adjusted_geometric_mean_rank_index": 0.908699679433669,
        "adjusted_hits_at_k": 0.030476270835928763,
        "adjusted_inverse_harmonic_mean_rank": 0.015316841090069339,
        "arithmetic_mean_rank": 2487.3455191198464,
        "count": 112344.0,
        "geometric_mean_rank": 664.4426919152471,
        "harmonic_mean_rank": 63.13553206309694,
        "hits_at_1": 0.004290393790500605,
        "hits_at_10": 0.03096738588620665,
        "hits_at_3": 0.01131346578366446,
        "hits_at_5": 0.01763334045431888,
        "inverse_arithmetic_mean_rank": 0.00040203501777825085,
        "inverse_geometric_mean_rank": 0.0015050206920291553,
        "inverse_harmonic_mean_rank": 0.01583894151712559,
        "inverse_median_rank": 0.0012578616352201257,
        "median_absolute_deviation": 1079.3344150720782,
        "median_rank": 795.0,
        "standard_deviation": 3915.100718732231,
        "variance": 15328013.637817634,
        "z_arithmetic_mean_rank": 434.2662488149436,
        "z_geometric_mean_rank": 304.93855950645786,
        "z_hits_at_k": 453.747716188959,
        "z_inverse_harmonic_mean_rank": 563.0777386803794
      },
      "pessimistic": {
        "adjusted_arithmetic_mean_rank": 0.25179176231852557,
        "adjusted_arithmetic_mean_rank_index": 0.7482839857852113,
        "adjusted_geometric_mean_rank_index": 0.9086995987532525,
        "adjusted_hits_at_k": 0.030476270835928763,
        "adjusted_inverse_harmonic_mean_rank": 0.015316831058452857,
        "arithmetic_mean_rank": 2487.3460086876025,
        "count": 112344.0,
        "geometric_mean_rank": 664.4432781873702,
        "harmonic_mean_rank": 63.13557202890067,
        "hits_at_1": 0.004290393790500605,
        "hits_at_10": 0.03096738588620665,
        "hits_at_3": 0.01131346578366446,
        "hits_at_5": 0.01763334045431888,
        "inverse_arithmetic_mean_rank": 0.0004020349386483747,
        "inverse_geometric_mean_rank": 0.0015050193640727962,
        "inverse_harmonic_mean_rank": 0.01583893149082809,
        "inverse_median_rank": 0.0012578616352201257,
        "median_absolute_deviation": 1079.3344150720782,
        "median_rank": 795.0,
        "standard_deviation": 3915.1009115520114,
        "variance": 15328015.147635391,
        "z_arithmetic_mean_rank": 434.26622005078434,
        "z_geometric_mean_rank": 304.93853243197924,
        "z_hits_at_k": 453.747716188959,
        "z_inverse_harmonic_mean_rank": 563.0773698980769
      },
      "realistic": {
        "adjusted_arithmetic_mean_rank": 0.2517917313867027,
        "adjusted_arithmetic_mean_rank_index": 0.7482840167201656,
        "adjusted_geometric_mean_rank_index": 0.9086996883734956,
        "adjusted_hits_at_k": 0.030476270835928763,
        "adjusted_inverse_harmonic_mean_rank": 0.01531683554126172,
        "arithmetic_mean_rank": 2487.345703125,
        "count": 112344.0,
        "geometric_mean_rank": 664.442626953125,
        "harmonic_mean_rank": 63.13555416945377,
        "hits_at_1": 0.004290393790500605,
        "hits_at_10": 0.03096738588620665,
        "hits_at_3": 0.01131346578366446,
        "hits_at_5": 0.01763334045431888,
        "inverse_arithmetic_mean_rank": 0.0004020349879283458,
        "inverse_geometric_mean_rank": 0.00150502088945359,
        "inverse_harmonic_mean_rank": 0.01583893597126007,
        "inverse_median_rank": 0.0012578616151586175,
        "median_absolute_deviation": 1079.3344150720782,
        "median_rank": 795.0,
        "standard_deviation": 3915.100830078125,
        "variance": 15328014.0,
        "z_arithmetic_mean_rank": 434.266238003869,
        "z_geometric_mean_rank": 304.9385625064565,
        "z_hits_at_k": 453.747716188959,
        "z_inverse_harmonic_mean_rank": 563.0775346951041
      }
    },
    "head": {
      "optimistic": {
        "adjusted_arithmetic_mean_rank": 0.30352606787073416,
        "adjusted_arithmetic_mean_rank_index": 0.6965444498943848,
        "adjusted_geometric_mean_rank_index": 0.8806281313565122,
        "adjusted_hits_at_k": 0.02323609510411355,
        "adjusted_inverse_harmonic_mean_rank": 0.01208592305213016,
        "arithmetic_mean_rank": 2998.1012248095135,
        "count": 56172.0,
        "geometric_mean_rank": 868.5280542060331,
        "harmonic_mean_rank": 79.30486227569217,
        "hits_at_1": 0.003204443494979705,
        "hits_at_10": 0.023730684326710817,
        "hits_at_3": 0.00891903439436018,
        "hits_at_5": 0.013547674998219754,
        "inverse_arithmetic_mean_rank": 0.00033354444197044604,
        "inverse_geometric_mean_rank": 0.0011513732862827929,
        "inverse_harmonic_mean_rank": 0.012609567324177942,
        "inverse_median_rank": 0.0008952551477170994,
        "median_absolute_deviation": 1485.5674229426131,
        "median_rank": 1117.0,
        "standard_deviation": 4444.479266370755,
        "variance": 19753395.949199524,
        "z_arithmetic_mean_rank": 285.88708588992705,
        "z_geometric_mean_rank": 208.99150904289093,
        "z_hits_at_k": 244.67275676858287,
        "z_inverse_harmonic_mean_rank": 314.2304845655155
      },
      "pessimistic": {
        "adjusted_arithmetic_mean_rank": 0.3035261435678107,
        "adjusted_arithmetic_mean_rank_index": 0.696544374189644,
        "adjusted_geometric_mean_rank_index": 0.8806279642176578,
        "adjusted_hits_at_k": 0.02323609510411355,
        "adjusted_inverse_harmonic_mean_rank": 0.012085904428018827,
        "arithmetic_mean_rank": 2998.101972512996,
        "count": 56172.0,
        "geometric_mean_rank": 868.5292688778553,
        "harmonic_mean_rank": 79.30497934567961,
        "hits_at_1": 0.003204443494979705,
        "hits_at_10": 0.023730684326710817,
        "hits_at_3": 0.00891903439436018,
        "hits_at_5": 0.013547674998219754,
        "inverse_arithmetic_mean_rank": 0.00033354435878703764,
        "inverse_geometric_mean_rank": 0.0011513716760426572,
        "inverse_harmonic_mean_rank": 0.012609548709938327,
        "inverse_median_rank": 0.0008952551477170994,
        "median_absolute_deviation": 1485.5674229426131,
        "median_rank": 1117.0,
        "standard_deviation": 4444.479430023335,
        "variance": 19753397.40390055,
        "z_arithmetic_mean_rank": 285.88705481795773,
        "z_geometric_mean_rank": 208.99146937733838,
        "z_hits_at_k": 244.67275676858287,
        "z_inverse_harmonic_mean_rank": 314.2300003440371
      },
      "realistic": {
        "adjusted_arithmetic_mean_rank": 0.3035261020583275,
        "adjusted_arithmetic_mean_rank_index": 0.69654441570333,
        "adjusted_geometric_mean_rank_index": 0.8806280695449455,
        "adjusted_hits_at_k": 0.02323609510411355,
        "adjusted_inverse_harmonic_mean_rank": 0.012085913903077315,
        "arithmetic_mean_rank": 2998.1015625,
        "count": 56172.0,
        "geometric_mean_rank": 868.5285034179688,
        "harmonic_mean_rank": 79.30491978601727,
        "hits_at_1": 0.003204443494979705,
        "hits_at_10": 0.023730684326710817,
        "hits_at_3": 0.00891903439436018,
        "hits_at_5": 0.013547674998219754,
        "inverse_arithmetic_mean_rank": 0.0003335443907417357,
        "inverse_geometric_mean_rank": 0.0011513726785779,
        "inverse_harmonic_mean_rank": 0.012609558179974556,