{
  "losses": [
    1.0027337140469452,
    1.0000848511492744,
    1.0000835415442604,
    1.0000846191120583,
    1.0000838710669775,
    1.0000815959413938,
    1.0000523219143882,
    0.9993496380389959,
    0.9951683734299653,
    0.9917254054532779,
    0.9167913032827182,
    0.6650503359582267,
    0.6061922897985693,
    0.5822602686448901,
    0.5699237195057858,
    0.5625448269357985,
    0.5576174668882865,
    0.553988153458592,
    0.5500808994461844,
    0.54650156030215
  ],
  "metrics": {
    "both": {
      "optimistic": {
        "adjusted_arithmetic_mean_rank": 0.26031647439816125,
        "adjusted_arithmetic_mean_rank_index": 0.7397584272848805,
        "adjusted_geometric_mean_rank_index": 0.9163196379316675,
        "adjusted_hits_at_k": 0.04224060307108887,
        "adjusted_inverse_harmonic_mean_rank": 0.02037653249851308,
        "arithmetic_mean_rank": 2570.987698497472,
        "count": 112344.0,
        "geometric_mean_rank": 608.9107594014102,
        "harmonic_mean_rank": 47.85582757665735,
        "hits_at_1": 0.00641778822188991,
        "hits_at_10": 0.04272591326639607,
        "hits_at_3": 0.017401908424125898,
        "hits_at_5": 0.025795770134586626,
        "inverse_arithmetic_mean_rank": 0.00038895557554959,
        "inverse_geometric_mean_rank": 0.0016422767779354893,
        "inverse_harmonic_mean_rank": 0.02089609668536524,
        "inverse_median_rank": 0.0013157894736842105,
        "median_absolute_deviation": 1039.304155172427,
        "median_rank": 760.0,
        "standard_deviation": 4278.385775696172,
        "variance": 18304584.845679335,
        "z_arithmetic_mean_rank": 429.3038361443,
        "z_geometric_mean_rank": 307.4957506304311,
        "z_hits_at_k": 628.8015757094142,
        "z_inverse_harmonic_mean_rank": 748.9632942992145
      },
      "pessimistic": {
        "adjusted_arithmetic_mean_rank": 0.26031651495501773,
        "adjusted_arithmetic_mean_rank_index": 0.7397583867239172,
        "adjusted_geometric_mean_rank_index": 0.9163195338477912,
        "adjusted_hits_at_k": 0.04224060307108887,
        "adjusted_inverse_harmonic_mean_rank": 0.020376506296044917,
        "arithmetic_mean_rank": 2570.988099052909,
        "count": 112344.0,
        "geometric_mean_rank": 608.9115155370996,
        "harmonic_mean_rank": 47.85588755328043,
        "hits_at_1": 0.00641778822188991,
        "hits_at_10": 0.04272591326639607,
        "hits_at_3": 0.017401908424125898,
        "hits_at_5": 0.025795770134586626,
        "inverse_arithmetic_mean_rank": 0.00038895551495099343,
        "inverse_geometric_mean_rank": 0.001642274738584858,
        "inverse_harmonic_mean_rank": 0.020896070496794115,
        "inverse_median_rank": 0.0013157894736842105,
        "median_absolute_deviation": 1039.304155172427,
        "median_rank": 760.0,
        "standard_deviation": 4278.385738756779,
        "variance": 18304584.529597387,
        "z_arithmetic_mean_rank": 429.3038126055656,
        "z_geometric_mean_rank": 307.4957157022812,
        "z_hits_at_k": 628.8015757094142,
        "z_inverse_harmonic_mean_rank": 748.962331196838
      },
      "realistic": {
        "adjusted_arithmetic_mean_rank": 0.26031650868313927,
        "adjusted_arithmetic_mean_rank_index": 0.7397583929964309,
        "adjusted_geometric_mean_rank_index": 0.9163196033340116,
        "adjusted_hits_at_k": 0.04224060307108887,
        "adjusted_inverse_harmonic_mean_rank": 0.020376520413385727,
        "arithmetic_mean_rank": 2570.988037109375,
        "count": 112344.0,
        "geometric_mean_rank": 608.9110107421875,
        "harmonic_mean_rank": 47.855855239113964,
        "hits_at_1": 0.00641778822188991,
        "hits_at_10": 0.04272591326639607,
        "hits_at_3": 0.017401908424125898,
        "hits_at_5": 0.025795770134586626,
        "inverse_arithmetic_mean_rank": 0.0003889555227942765,
        "inverse_geometric_mean_rank": 0.0016422760672867298,
        "inverse_harmonic_mean_rank": 0.02089608460664749,
        "inverse_median_rank": 0.0013157895300537348,
        "median_absolute_deviation": 1039.304155172427,
        "median_rank": 760.0,
        "standard_deviation": 4278.3857421875,
        "variance": 18304584.0,
        "z_arithmetic_mean_rank": 429.3038162456919,
        "z_geometric_mean_rank": 307.4957390202552,
        "z_hits_at_k": 628.8015757094142,
        "z_inverse_harmonic_mean_rank": 748.962850096218
      }
    },
    "head": {
      "optimistic": {
        "adjusted_arithmetic_mean_rank": 0.26547250504285014,
        "adjusted_arithmetic_mean_rank_index": 0.7346018593020844,
        "adjusted_geometric_mean_rank_index": 0.9151327778657511,
        "adjusted_hits_at_k": 0.04722820726471486,
        "adjusted_inverse_harmonic_mean_rank": 0.022367645698689303,
        "arithmetic_mean_rank": 2622.4475717439295,
        "count": 56172.0,
        "geometric_mean_rank": 617.8223784362368,
        "harmonic_mean_rank": 43.69522322058554,
        "hits_at_1": 0.007441429893897316,
        "hits_at_10": 0.04771060314747561,
        "hits_at_3": 0.01944029053621021,
        "hits_at_5": 0.02867976928006836,
        "inverse_arithmetic_mean_rank": 0.0003813231619097724,
        "inverse_geometric_mean_rank": 0.0016185881814949608,
        "inverse_harmonic_mean_rank": 0.022885796805562113,
        "inverse_median_rank": 0.0011117287381878821,
        "median_absolute_deviation": 1231.3011424689025,
        "median_rank": 899.5,
        "standard_deviation": 4434.63784313138,
        "variance": 19666012.79973294,
        "z_arithmetic_mean_rank": 301.50829071578517,
        "z_geometric_mean_rank": 217.18016429630242,
        "z_hits_at_k": 497.3293753886366,
        "z_inverse_harmonic_mean_rank": 581.5792411571688
      },
      "pessimistic": {
        "adjusted_arithmetic_mean_rank": 0.2654725374816928,
        "adjusted_arithmetic_mean_rank_index": 0.7346018268599577,
        "adjusted_geometric_mean_rank_index": 0.9151327340467189,
        "adjusted_hits_at_k": 0.04722820726471486,
        "adjusted_inverse_harmonic_mean_rank": 0.022367643397890075,
        "arithmetic_mean_rank": 2622.4478921882787,
        "count": 56172.0,
        "geometric_mean_rank": 617.8226969167877,
        "harmonic_mean_rank": 43.69522761111051,
        "hits_at_1": 0.007441429893897316,
        "hits_at_10": 0.04771060314747561,
        "hits_at_3": 0.01944029053621021,
        "hits_at_5": 0.02867976928006836,
        "inverse_arithmetic_mean_rank": 0.0003813231153148133,
        "inverse_geometric_mean_rank": 0.0016185873471312214,
        "inverse_harmonic_mean_rank": 0.022885794505982323,
        "inverse_median_rank": 0.0011117287381878821,
        "median_absolute_deviation": 1231.3011424689025,
        "median_rank": 899.5,
        "standard_deviation": 4434.637787732256,
        "variance": 19666012.308382835,
        "z_arithmetic_mean_rank": 301.5082774003136,
        "z_geometric_mean_rank": 217.18015389712883,
        "z_hits_at_k": 497.3293753886366,
        "z_inverse_harmonic_mean_rank": 581.579181334285
      },
      "realistic": {
        "adjusted_arithmetic_mean_rank": 0.26547254819784477,
        "adjusted_arithmetic_mean_rank_index": 0.7346018161427208,
        "adjusted_geometric_mean_rank_index": 0.9151327513987403,
        "adjusted_hits_at_k": 0.04722820726471486,
        "adjusted_inverse_harmonic_mean_rank": 0.022367646438833308,
        "arithmetic_mean_rank": 2622.447998046875,
        "count": 56172.0,
        "geometric_mean_rank": 617.8225708007812,
        "harmonic_mean_rank": 43.69522180819794,
        "hits_at_1": 0.007441429893897316,
        "hits_at_10": 0.04771060314747561,
        "hits_at_3": 0.01944029053621021,
        "hits_at_5": 0.02867976928006836,
        "inverse_arithmetic_mean_rank": 0.000381323101464659,
        "inverse_geometric_mean_rank": 0.0016185876447707415,
        "inverse_harmonic_mean_rank": 0.022885797545313835,