{
    "Hits@1": 12.903207232106869,
    "Hits@3": 16.518224218345136,
    "Hits@10": 19.28392929118443
}